amfi_code,Tracking_Error
120505,0.23251471203241877
120843,0.20641014797016702
100033,0.22483819480215925
119598,0.28677166044443203
148567,0.18786716876053186
